Date,Location,Crime Type,Crime Count
2018-01-01,Bangalore,Theft,5
2018-01-02,Bangalore,Assault,4
2018-01-03,Bangalore,Robbery,4
2018-01-04,Bangalore,Assault,5
2018-01-05,Bangalore,Theft,5
2018-01-06,Bangalore,Vandalism,3
2018-01-07,Bangalore,Assault,5
2018-01-08,Bangalore,Vandalism,4
2018-01-09,Bangalore,Vandalism,6
2018-01-10,Bangalore,Assault,7
2018-01-11,Bangalore,Assault,2
2018-01-12,Bangalore,Assault,5
2018-01-13,Bangalore,Vandalism,5
2018-01-14,Bangalore,Robbery,6
2018-01-15,Bangalore,Theft,4
2018-01-16,Bangalore,Robbery,6
2018-01-17,Bangalore,Vandalism,6
2018-01-18,Bangalore,Assault,1
2018-01-19,Bangalore,Assault,7
2018-01-20,Bangalore,Theft,2
2018-01-21,Bangalore,Theft,11
2018-01-22,Bangalore,Robbery,4
2018-01-23,Bangalore,Robbery,3
2018-01-24,Bangalore,Theft,8
2018-01-25,Bangalore,Vandalism,3
2018-01-26,Bangalore,Robbery,3
2018-01-27,Bangalore,Assault,5
2018-01-28,Bangalore,Assault,8
2018-01-29,Bangalore,Vandalism,3
2018-01-30,Bangalore,Theft,2
2018-01-31,Bangalore,Robbery,5
2018-02-01,Bangalore,Assault,3
2018-02-02,Bangalore,Theft,8
2018-02-03,Bangalore,Robbery,10
2018-02-04,Bangalore,Vandalism,3
2018-02-05,Bangalore,Assault,2
2018-02-06,Bangalore,Vandalism,5
2018-02-07,Bangalore,Vandalism,7
2018-02-08,Bangalore,Vandalism,6
2018-02-09,Bangalore,Robbery,6
2018-02-10,Bangalore,Vandalism,2
2018-02-11,Bangalore,Robbery,4
2018-02-12,Bangalore,Robbery,9
2018-02-13,Bangalore,Vandalism,7
2018-02-14,Bangalore,Vandalism,11
2018-02-15,Bangalore,Theft,8
2018-02-16,Bangalore,Assault,3
2018-02-17,Bangalore,Theft,2
2018-02-18,Bangalore,Assault,3
2018-02-19,Bangalore,Assault,4
2018-02-20,Bangalore,Theft,5
2018-02-21,Bangalore,Theft,5
2018-02-22,Bangalore,Assault,4
2018-02-23,Bangalore,Assault,3
2018-02-24,Bangalore,Assault,8
2018-02-25,Bangalore,Robbery,2
2018-02-26,Bangalore,Assault,1
2018-02-27,Bangalore,Vandalism,4
2018-02-28,Bangalore,Vandalism,5
2018-03-01,Bangalore,Vandalism,4
2018-03-02,Bangalore,Theft,3
2018-03-03,Bangalore,Theft,4
2018-03-04,Bangalore,Theft,8
2018-03-05,Bangalore,Assault,2
2018-03-06,Bangalore,Vandalism,2
2018-03-07,Bangalore,Assault,2
2018-03-08,Bangalore,Robbery,7
2018-03-09,Bangalore,Robbery,6
2018-03-10,Bangalore,Theft,7
2018-03-11,Bangalore,Robbery,6
2018-03-12,Bangalore,Vandalism,7
2018-03-13,Bangalore,Robbery,6
2018-03-14,Bangalore,Theft,4
2018-03-15,Bangalore,Assault,2
2018-03-16,Bangalore,Robbery,3
2018-03-17,Bangalore,Vandalism,4
2018-03-18,Bangalore,Vandalism,7
2018-03-19,Bangalore,Vandalism,4
2018-03-20,Bangalore,Assault,3
2018-03-21,Bangalore,Vandalism,2
2018-03-22,Bangalore,Theft,6
2018-03-23,Bangalore,Theft,3
2018-03-24,Bangalore,Vandalism,5
2018-03-25,Bangalore,Robbery,9
2018-03-26,Bangalore,Vandalism,6
2018-03-27,Bangalore,Theft,6
2018-03-28,Bangalore,Theft,9
2018-03-29,Bangalore,Theft,4
2018-03-30,Bangalore,Robbery,9
2018-03-31,Bangalore,Robbery,2
2018-04-01,Bangalore,Robbery,10
2018-04-02,Bangalore,Theft,6
2018-04-03,Bangalore,Assault,9
2018-04-04,Bangalore,Vandalism,4
2018-04-05,Bangalore,Vandalism,1
2018-04-06,Bangalore,Theft,6
2018-04-07,Bangalore,Robbery,8
2018-04-08,Bangalore,Assault,6
2018-04-09,Bangalore,Assault,2
2018-04-10,Bangalore,Robbery,3
2018-04-11,Bangalore,Vandalism,5
2018-04-12,Bangalore,Vandalism,3
2018-04-13,Bangalore,Assault,3
2018-04-14,Bangalore,Assault,5
2018-04-15,Bangalore,Robbery,6
2018-04-16,Bangalore,Vandalism,5
2018-04-17,Bangalore,Assault,3
2018-04-18,Bangalore,Vandalism,5
2018-04-19,Bangalore,Assault,3
2018-04-20,Bangalore,Robbery,3
2018-04-21,Bangalore,Vandalism,6
2018-04-22,Bangalore,Assault,5
2018-04-23,Bangalore,Assault,6
2018-04-24,Bangalore,Assault,2
2018-04-25,Bangalore,Assault,4
2018-04-26,Bangalore,Robbery,7
2018-04-27,Bangalore,Vandalism,6
2018-04-28,Bangalore,Vandalism,5
2018-04-29,Bangalore,Theft,4
2018-04-30,Bangalore,Vandalism,3
2018-05-01,Bangalore,Theft,3
2018-05-02,Bangalore,Assault,7
2018-05-03,Bangalore,Robbery,7
2018-05-04,Bangalore,Robbery,6
2018-05-05,Bangalore,Assault,6
2018-05-06,Bangalore,Theft,7
2018-05-07,Bangalore,Assault,8
2018-05-08,Bangalore,Robbery,6
2018-05-09,Bangalore,Robbery,3
2018-05-10,Bangalore,Vandalism,7
2018-05-11,Bangalore,Theft,5
2018-05-12,Bangalore,Vandalism,5
2018-05-13,Bangalore,Robbery,7
2018-05-14,Bangalore,Robbery,4
2018-05-15,Bangalore,Vandalism,9
2018-05-16,Bangalore,Vandalism,4
2018-05-17,Bangalore,Robbery,5
2018-05-18,Bangalore,Vandalism,2
2018-05-19,Bangalore,Vandalism,6
2018-05-20,Bangalore,Theft,3
2018-05-21,Bangalore,Robbery,6
2018-05-22,Bangalore,Assault,2
2018-05-23,Bangalore,Theft,3
2018-05-24,Bangalore,Assault,5
2018-05-25,Bangalore,Vandalism,3
2018-05-26,Bangalore,Vandalism,4
2018-05-27,Bangalore,Assault,5
2018-05-28,Bangalore,Vandalism,6
2018-05-29,Bangalore,Vandalism,3
2018-05-30,Bangalore,Theft,3
2018-05-31,Bangalore,Assault,4
2018-06-01,Bangalore,Theft,5
2018-06-02,Bangalore,Assault,4
2018-06-03,Bangalore,Theft,2
2018-06-04,Bangalore,Robbery,6
2018-06-05,Bangalore,Robbery,6
2018-06-06,Bangalore,Assault,8
2018-06-07,Bangalore,Robbery,1
2018-06-08,Bangalore,Theft,6
2018-06-09,Bangalore,Assault,2
2018-06-10,Bangalore,Robbery,5
2018-06-11,Bangalore,Robbery,2
2018-06-12,Bangalore,Assault,6
2018-06-13,Bangalore,Robbery,4
2018-06-14,Bangalore,Robbery,3
2018-06-15,Bangalore,Assault,5
2018-06-16,Bangalore,Robbery,6
2018-06-17,Bangalore,Robbery,3
2018-06-18,Bangalore,Robbery,4
2018-06-19,Bangalore,Robbery,8
2018-06-20,Bangalore,Vandalism,4
2018-06-21,Bangalore,Assault,10
2018-06-22,Bangalore,Vandalism,4
2018-06-23,Bangalore,Vandalism,5
2018-06-24,Bangalore,Theft,10
2018-06-25,Bangalore,Vandalism,3
2018-06-26,Bangalore,Vandalism,4
2018-06-27,Bangalore,Theft,7
2018-06-28,Bangalore,Robbery,5
2018-06-29,Bangalore,Robbery,10
2018-06-30,Bangalore,Vandalism,4
2018-07-01,Bangalore,Theft,2
2018-07-02,Bangalore,Robbery,3
2018-07-03,Bangalore,Theft,5
2018-07-04,Bangalore,Assault,8
2018-07-05,Bangalore,Assault,4
2018-07-06,Bangalore,Assault,3
2018-07-07,Bangalore,Assault,8
2018-07-08,Bangalore,Vandalism,6
2018-07-09,Bangalore,Assault,8
2018-07-10,Bangalore,Assault,3
2018-07-11,Bangalore,Theft,3
2018-07-12,Bangalore,Robbery,5
2018-07-13,Bangalore,Theft,11
2018-07-14,Bangalore,Vandalism,7
2018-07-15,Bangalore,Assault,4
2018-07-16,Bangalore,Robbery,3
2018-07-17,Bangalore,Robbery,8
2018-07-18,Bangalore,Assault,8
2018-07-19,Bangalore,Assault,3
2018-07-20,Bangalore,Vandalism,3
2018-07-21,Bangalore,Vandalism,6
2018-07-22,Bangalore,Assault,2
2018-07-23,Bangalore,Assault,7
2018-07-24,Bangalore,Assault,5
2018-07-25,Bangalore,Assault,5
2018-07-26,Bangalore,Robbery,6
2018-07-27,Bangalore,Vandalism,1
2018-07-28,Bangalore,Assault,10
2018-07-29,Bangalore,Assault,2
2018-07-30,Bangalore,Robbery,5
2018-07-31,Bangalore,Theft,4
2018-08-01,Bangalore,Assault,5
2018-08-02,Bangalore,Robbery,4
2018-08-03,Bangalore,Robbery,5
2018-08-04,Bangalore,Theft,6
2018-08-05,Bangalore,Vandalism,1
2018-08-06,Bangalore,Vandalism,3
2018-08-07,Bangalore,Vandalism,2
2018-08-08,Bangalore,Assault,5
2018-08-09,Bangalore,Vandalism,4
2018-08-10,Bangalore,Assault,7
2018-08-11,Bangalore,Assault,7
2018-08-12,Bangalore,Robbery,2
2018-08-13,Bangalore,Vandalism,6
2018-08-14,Bangalore,Vandalism,7
2018-08-15,Bangalore,Vandalism,2
2018-08-16,Bangalore,Assault,7
2018-08-17,Bangalore,Assault,5
2018-08-18,Bangalore,Vandalism,7
2018-08-19,Bangalore,Assault,6
2018-08-20,Bangalore,Assault,5
2018-08-21,Bangalore,Theft,6
2018-08-22,Bangalore,Theft,5
2018-08-23,Bangalore,Vandalism,4
2018-08-24,Bangalore,Vandalism,7
2018-08-25,Bangalore,Theft,1
2018-08-26,Bangalore,Assault,8
2018-08-27,Bangalore,Assault,4
2018-08-28,Bangalore,Robbery,5
2018-08-29,Bangalore,Vandalism,3
2018-08-30,Bangalore,Vandalism,7
2018-08-31,Bangalore,Vandalism,2
2018-09-01,Bangalore,Robbery,5
2018-09-02,Bangalore,Robbery,10
2018-09-03,Bangalore,Assault,7
2018-09-04,Bangalore,Theft,7
2018-09-05,Bangalore,Theft,10
2018-09-06,Bangalore,Theft,1
2018-09-07,Bangalore,Assault,5
2018-09-08,Bangalore,Theft,3
2018-09-09,Bangalore,Robbery,8
2018-09-10,Bangalore,Robbery,7
2018-09-11,Bangalore,Vandalism,3
2018-09-12,Bangalore,Theft,1
2018-09-13,Bangalore,Robbery,5
2018-09-14,Bangalore,Vandalism,3
2018-09-15,Bangalore,Theft,6
2018-09-16,Bangalore,Theft,3
2018-09-17,Bangalore,Robbery,4
2018-09-18,Bangalore,Vandalism,5
2018-09-19,Bangalore,Vandalism,8
2018-09-20,Bangalore,Robbery,7
2018-09-21,Bangalore,Robbery,5
2018-09-22,Bangalore,Robbery,4
2018-09-23,Bangalore,Theft,6
2018-09-24,Bangalore,Robbery,8
2018-09-25,Bangalore,Robbery,4
2018-09-26,Bangalore,Assault,3
2018-09-27,Bangalore,Robbery,2
2018-09-28,Bangalore,Robbery,3
2018-09-29,Bangalore,Theft,9
2018-09-30,Bangalore,Vandalism,5
2018-10-01,Bangalore,Theft,4
2018-10-02,Bangalore,Assault,7
2018-10-03,Bangalore,Robbery,8
2018-10-04,Bangalore,Robbery,4
2018-10-05,Bangalore,Robbery,4
2018-10-06,Bangalore,Robbery,8
2018-10-07,Bangalore,Robbery,5
2018-10-08,Bangalore,Robbery,5
2018-10-09,Bangalore,Assault,6
2018-10-10,Bangalore,Robbery,7
2018-10-11,Bangalore,Robbery,2
2018-10-12,Bangalore,Robbery,1
2018-10-13,Bangalore,Assault,7
2018-10-14,Bangalore,Robbery,5
2018-10-15,Bangalore,Assault,4
2018-10-16,Bangalore,Theft,4
2018-10-17,Bangalore,Robbery,3
2018-10-18,Bangalore,Vandalism,8
2018-10-19,Bangalore,Assault,7
2018-10-20,Bangalore,Theft,1
2018-10-21,Bangalore,Assault,2
2018-10-22,Bangalore,Assault,4
2018-10-23,Bangalore,Theft,6
2018-10-24,Bangalore,Robbery,4
2018-10-25,Bangalore,Robbery,6
2018-10-26,Bangalore,Assault,8
2018-10-27,Bangalore,Theft,7
2018-10-28,Bangalore,Robbery,5
2018-10-29,Bangalore,Assault,2
2018-10-30,Bangalore,Vandalism,1
2018-10-31,Bangalore,Theft,7
2018-11-01,Bangalore,Vandalism,4
2018-11-02,Bangalore,Vandalism,1
2018-11-03,Bangalore,Assault,6
2018-11-04,Bangalore,Theft,5
2018-11-05,Bangalore,Robbery,8
2018-11-06,Bangalore,Robbery,5
2018-11-07,Bangalore,Assault,4
2018-11-08,Bangalore,Robbery,10
2018-11-09,Bangalore,Robbery,7
2018-11-10,Bangalore,Vandalism,4
2018-11-11,Bangalore,Vandalism,8
2018-11-12,Bangalore,Theft,5
2018-11-13,Bangalore,Vandalism,5
2018-11-14,Bangalore,Robbery,5
2018-11-15,Bangalore,Theft,2
2018-11-16,Bangalore,Theft,3
2018-11-17,Bangalore,Assault,4
2018-11-18,Bangalore,Vandalism,9
2018-11-19,Bangalore,Theft,0
2018-11-20,Bangalore,Robbery,5
2018-11-21,Bangalore,Theft,5
2018-11-22,Bangalore,Theft,5
2018-11-23,Bangalore,Assault,5
2018-11-24,Bangalore,Robbery,4
2018-11-25,Bangalore,Robbery,9
2018-11-26,Bangalore,Vandalism,6
2018-11-27,Bangalore,Robbery,2
2018-11-28,Bangalore,Theft,6
2018-11-29,Bangalore,Robbery,6
2018-11-30,Bangalore,Robbery,6
2018-12-01,Bangalore,Theft,5
2018-12-02,Bangalore,Assault,2
2018-12-03,Bangalore,Vandalism,5
2018-12-04,Bangalore,Vandalism,3
2018-12-05,Bangalore,Assault,3
2018-12-06,Bangalore,Theft,3
2018-12-07,Bangalore,Vandalism,6
2018-12-08,Bangalore,Assault,6
2018-12-09,Bangalore,Assault,4
2018-12-10,Bangalore,Assault,5
2018-12-11,Bangalore,Vandalism,5
2018-12-12,Bangalore,Vandalism,7
2018-12-13,Bangalore,Vandalism,5
2018-12-14,Bangalore,Vandalism,3
2018-12-15,Bangalore,Robbery,4
2018-12-16,Bangalore,Assault,7
2018-12-17,Bangalore,Robbery,5
2018-12-18,Bangalore,Assault,7
2018-12-19,Bangalore,Vandalism,8
2018-12-20,Bangalore,Vandalism,7
2018-12-21,Bangalore,Robbery,5
2018-12-22,Bangalore,Theft,8
2018-12-23,Bangalore,Vandalism,4
2018-12-24,Bangalore,Theft,6
2018-12-25,Bangalore,Assault,8
2018-12-26,Bangalore,Robbery,6
2018-12-27,Bangalore,Theft,3
2018-12-28,Bangalore,Theft,8
2018-12-29,Bangalore,Vandalism,4
2018-12-30,Bangalore,Theft,7
2018-12-31,Bangalore,Theft,2
2019-01-01,Bangalore,Assault,10
2019-01-02,Bangalore,Robbery,6
2019-01-03,Bangalore,Vandalism,4
2019-01-04,Bangalore,Vandalism,5
2019-01-05,Bangalore,Theft,6
2019-01-06,Bangalore,Assault,4
2019-01-07,Bangalore,Theft,5
2019-01-08,Bangalore,Theft,6
2019-01-09,Bangalore,Vandalism,3
2019-01-10,Bangalore,Theft,7
2019-01-11,Bangalore,Theft,7
2019-01-12,Bangalore,Assault,8
2019-01-13,Bangalore,Vandalism,4
2019-01-14,Bangalore,Robbery,7
2019-01-15,Bangalore,Assault,3
2019-01-16,Bangalore,Assault,4
2019-01-17,Bangalore,Assault,4
2019-01-18,Bangalore,Vandalism,0
2019-01-19,Bangalore,Theft,1
2019-01-20,Bangalore,Robbery,1
2019-01-21,Bangalore,Vandalism,7
2019-01-22,Bangalore,Theft,5
2019-01-23,Bangalore,Assault,5
2019-01-24,Bangalore,Vandalism,8
2019-01-25,Bangalore,Theft,3
2019-01-26,Bangalore,Robbery,5
2019-01-27,Bangalore,Robbery,3
2019-01-28,Bangalore,Theft,5
2019-01-29,Bangalore,Vandalism,1
2019-01-30,Bangalore,Assault,7
2019-01-31,Bangalore,Theft,2
2019-02-01,Bangalore,Assault,4
2019-02-02,Bangalore,Robbery,6
2019-02-03,Bangalore,Theft,7
2019-02-04,Bangalore,Robbery,9
2019-02-05,Bangalore,Assault,4
2019-02-06,Bangalore,Assault,1
2019-02-07,Bangalore,Theft,4
2019-02-08,Bangalore,Theft,6
2019-02-09,Bangalore,Theft,3
2019-02-10,Bangalore,Robbery,4
2019-02-11,Bangalore,Assault,2
2019-02-12,Bangalore,Assault,6
2019-02-13,Bangalore,Robbery,8
2019-02-14,Bangalore,Theft,7
2019-02-15,Bangalore,Vandalism,2
2019-02-16,Bangalore,Theft,6
2019-02-17,Bangalore,Vandalism,9
2019-02-18,Bangalore,Vandalism,3
2019-02-19,Bangalore,Robbery,8
2019-02-20,Bangalore,Assault,7
2019-02-21,Bangalore,Assault,6
2019-02-22,Bangalore,Assault,10
2019-02-23,Bangalore,Assault,5
2019-02-24,Bangalore,Robbery,5
2019-02-25,Bangalore,Vandalism,5
2019-02-26,Bangalore,Assault,5
2019-02-27,Bangalore,Vandalism,4
2019-02-28,Bangalore,Robbery,10
2019-03-01,Bangalore,Theft,3
2019-03-02,Bangalore,Robbery,2
2019-03-03,Bangalore,Assault,6
2019-03-04,Bangalore,Theft,4
2019-03-05,Bangalore,Robbery,4
2019-03-06,Bangalore,Robbery,8
2019-03-07,Bangalore,Vandalism,5
2019-03-08,Bangalore,Robbery,4
2019-03-09,Bangalore,Theft,7
2019-03-10,Bangalore,Robbery,4
2019-03-11,Bangalore,Assault,2
2019-03-12,Bangalore,Vandalism,2
2019-03-13,Bangalore,Theft,3
2019-03-14,Bangalore,Theft,3
2019-03-15,Bangalore,Robbery,8
2019-03-16,Bangalore,Assault,6
2019-03-17,Bangalore,Vandalism,0
2019-03-18,Bangalore,Theft,8
2019-03-19,Bangalore,Vandalism,5
2019-03-20,Bangalore,Robbery,4
2019-03-21,Bangalore,Assault,5
2019-03-22,Bangalore,Robbery,7
2019-03-23,Bangalore,Vandalism,6
2019-03-24,Bangalore,Robbery,3
2019-03-25,Bangalore,Vandalism,4
2019-03-26,Bangalore,Theft,2
2019-03-27,Bangalore,Theft,4
2019-03-28,Bangalore,Robbery,1
2019-03-29,Bangalore,Theft,9
2019-03-30,Bangalore,Vandalism,3
2019-03-31,Bangalore,Theft,1
2019-04-01,Bangalore,Assault,5
2019-04-02,Bangalore,Assault,4
2019-04-03,Bangalore,Robbery,6
2019-04-04,Bangalore,Robbery,5
2019-04-05,Bangalore,Robbery,8
2019-04-06,Bangalore,Robbery,5
2019-04-07,Bangalore,Vandalism,7
2019-04-08,Bangalore,Vandalism,4
2019-04-09,Bangalore,Assault,1
2019-04-10,Bangalore,Vandalism,5
2019-04-11,Bangalore,Theft,4
2019-04-12,Bangalore,Assault,3
2019-04-13,Bangalore,Robbery,2
2019-04-14,Bangalore,Robbery,12
2019-04-15,Bangalore,Vandalism,5
2019-04-16,Bangalore,Assault,10
2019-04-17,Bangalore,Vandalism,6
2019-04-18,Bangalore,Vandalism,1
2019-04-19,Bangalore,Vandalism,6
2019-04-20,Bangalore,Assault,2
2019-04-21,Bangalore,Robbery,4
2019-04-22,Bangalore,Theft,5
2019-04-23,Bangalore,Robbery,8
2019-04-24,Bangalore,Assault,4
2019-04-25,Bangalore,Robbery,2
2019-04-26,Bangalore,Robbery,1
2019-04-27,Bangalore,Theft,8
2019-04-28,Bangalore,Robbery,8
2019-04-29,Bangalore,Robbery,4
2019-04-30,Bangalore,Robbery,1
2019-05-01,Bangalore,Vandalism,9
2019-05-02,Bangalore,Assault,4
2019-05-03,Bangalore,Assault,2
2019-05-04,Bangalore,Theft,4
2019-05-05,Bangalore,Vandalism,3
2019-05-06,Bangalore,Vandalism,8
2019-05-07,Bangalore,Robbery,9
2019-05-08,Bangalore,Assault,4
2019-05-09,Bangalore,Theft,4
2019-05-10,Bangalore,Vandalism,5
2019-05-11,Bangalore,Robbery,11
2019-05-12,Bangalore,Theft,8
2019-05-13,Bangalore,Vandalism,6
2019-05-14,Bangalore,Theft,2
2019-05-15,Bangalore,Vandalism,8
2019-05-16,Bangalore,Theft,7
2019-05-17,Bangalore,Vandalism,6
2019-05-18,Bangalore,Vandalism,5
2019-05-19,Bangalore,Theft,3
2019-05-20,Bangalore,Vandalism,5
2019-05-21,Bangalore,Vandalism,3
2019-05-22,Bangalore,Vandalism,3
2019-05-23,Bangalore,Theft,7
2019-05-24,Bangalore,Theft,4
2019-05-25,Bangalore,Vandalism,4
2019-05-26,Bangalore,Vandalism,6
2019-05-27,Bangalore,Theft,6
2019-05-28,Bangalore,Robbery,3
2019-05-29,Bangalore,Vandalism,4
2019-05-30,Bangalore,Robbery,6
2019-05-31,Bangalore,Theft,6
2019-06-01,Bangalore,Vandalism,6
2019-06-02,Bangalore,Robbery,6
2019-06-03,Bangalore,Theft,3
2019-06-04,Bangalore,Robbery,5
2019-06-05,Bangalore,Assault,2
2019-06-06,Bangalore,Theft,5
2019-06-07,Bangalore,Assault,3
2019-06-08,Bangalore,Theft,3
2019-06-09,Bangalore,Theft,5
2019-06-10,Bangalore,Vandalism,11
2019-06-11,Bangalore,Assault,7
2019-06-12,Bangalore,Assault,7
2019-06-13,Bangalore,Assault,4
2019-06-14,Bangalore,Theft,1
2019-06-15,Bangalore,Assault,4
2019-06-16,Bangalore,Assault,5
2019-06-17,Bangalore,Vandalism,4
2019-06-18,Bangalore,Robbery,4
2019-06-19,Bangalore,Robbery,7
2019-06-20,Bangalore,Assault,6
2019-06-21,Bangalore,Assault,8
2019-06-22,Bangalore,Assault,4
2019-06-23,Bangalore,Assault,3
2019-06-24,Bangalore,Robbery,0
2019-06-25,Bangalore,Vandalism,4
2019-06-26,Bangalore,Theft,1
2019-06-27,Bangalore,Assault,4
2019-06-28,Bangalore,Assault,3
2019-06-29,Bangalore,Robbery,5
2019-06-30,Bangalore,Assault,6
2019-07-01,Bangalore,Vandalism,6
2019-07-02,Bangalore,Vandalism,4
2019-07-03,Bangalore,Assault,4
2019-07-04,Bangalore,Robbery,5
2019-07-05,Bangalore,Assault,1
2019-07-06,Bangalore,Assault,9
2019-07-07,Bangalore,Robbery,7
2019-07-08,Bangalore,Vandalism,5
2019-07-09,Bangalore,Theft,4
2019-07-10,Bangalore,Assault,5
2019-07-11,Bangalore,Vandalism,4
2019-07-12,Bangalore,Assault,1
2019-07-13,Bangalore,Theft,3
2019-07-14,Bangalore,Robbery,7
2019-07-15,Bangalore,Vandalism,6
2019-07-16,Bangalore,Theft,10
2019-07-17,Bangalore,Assault,4
2019-07-18,Bangalore,Theft,5
2019-07-19,Bangalore,Vandalism,6
2019-07-20,Bangalore,Robbery,6
2019-07-21,Bangalore,Assault,8
2019-07-22,Bangalore,Robbery,4
2019-07-23,Bangalore,Robbery,3
2019-07-24,Bangalore,Theft,3
2019-07-25,Bangalore,Theft,9
2019-07-26,Bangalore,Vandalism,7
2019-07-27,Bangalore,Vandalism,2
2019-07-28,Bangalore,Robbery,2
2019-07-29,Bangalore,Vandalism,4
2019-07-30,Bangalore,Robbery,6
2019-07-31,Bangalore,Assault,9
2019-08-01,Bangalore,Robbery,11
2019-08-02,Bangalore,Vandalism,4
2019-08-03,Bangalore,Vandalism,7
2019-08-04,Bangalore,Robbery,7
2019-08-05,Bangalore,Theft,3
2019-08-06,Bangalore,Robbery,7
2019-08-07,Bangalore,Robbery,5
2019-08-08,Bangalore,Theft,2
2019-08-09,Bangalore,Assault,9
2019-08-10,Bangalore,Theft,6
2019-08-11,Bangalore,Vandalism,3
2019-08-12,Bangalore,Theft,6
2019-08-13,Bangalore,Vandalism,3
2019-08-14,Bangalore,Vandalism,2
2019-08-15,Bangalore,Robbery,8
2019-08-16,Bangalore,Robbery,4
2019-08-17,Bangalore,Assault,5
2019-08-18,Bangalore,Vandalism,4
2019-08-19,Bangalore,Robbery,3
2019-08-20,Bangalore,Vandalism,4
2019-08-21,Bangalore,Assault,3
2019-08-22,Bangalore,Vandalism,11
2019-08-23,Bangalore,Assault,6
2019-08-24,Bangalore,Assault,5
2019-08-25,Bangalore,Assault,5
2019-08-26,Bangalore,Robbery,5
2019-08-27,Bangalore,Theft,3
2019-08-28,Bangalore,Theft,6
2019-08-29,Bangalore,Robbery,4
2019-08-30,Bangalore,Vandalism,5
2019-08-31,Bangalore,Robbery,3
2019-09-01,Bangalore,Vandalism,7
2019-09-02,Bangalore,Assault,3
2019-09-03,Bangalore,Robbery,6
2019-09-04,Bangalore,Theft,7
2019-09-05,Bangalore,Vandalism,1
2019-09-06,Bangalore,Robbery,6
2019-09-07,Bangalore,Robbery,4
2019-09-08,Bangalore,Vandalism,2
2019-09-09,Bangalore,Assault,2
2019-09-10,Bangalore,Assault,5
2019-09-11,Bangalore,Assault,5
2019-09-12,Bangalore,Assault,3
2019-09-13,Bangalore,Vandalism,5
2019-09-14,Bangalore,Theft,11
2019-09-15,Bangalore,Robbery,2
2019-09-16,Bangalore,Robbery,6
2019-09-17,Bangalore,Assault,5
2019-09-18,Bangalore,Vandalism,3
2019-09-19,Bangalore,Theft,4
2019-09-20,Bangalore,Theft,10
2019-09-21,Bangalore,Robbery,1
2019-09-22,Bangalore,Assault,8
2019-09-23,Bangalore,Robbery,3
2019-09-24,Bangalore,Robbery,5
2019-09-25,Bangalore,Theft,4
2019-09-26,Bangalore,Vandalism,11
2019-09-27,Bangalore,Theft,3
2019-09-28,Bangalore,Robbery,4
2019-09-29,Bangalore,Assault,3
2019-09-30,Bangalore,Assault,3
2019-10-01,Bangalore,Vandalism,8
2019-10-02,Bangalore,Vandalism,1
2019-10-03,Bangalore,Vandalism,5
2019-10-04,Bangalore,Robbery,7
2019-10-05,Bangalore,Robbery,3
2019-10-06,Bangalore,Vandalism,7
2019-10-07,Bangalore,Assault,5
2019-10-08,Bangalore,Assault,7
2019-10-09,Bangalore,Assault,5
2019-10-10,Bangalore,Robbery,7
2019-10-11,Bangalore,Theft,5
2019-10-12,Bangalore,Assault,4
2019-10-13,Bangalore,Assault,5
2019-10-14,Bangalore,Assault,11
2019-10-15,Bangalore,Vandalism,7
2019-10-16,Bangalore,Robbery,6
2019-10-17,Bangalore,Vandalism,3
2019-10-18,Bangalore,Vandalism,0
2019-10-19,Bangalore,Theft,10
2019-10-20,Bangalore,Vandalism,5
2019-10-21,Bangalore,Theft,5
2019-10-22,Bangalore,Vandalism,3
2019-10-23,Bangalore,Assault,4
2019-10-24,Bangalore,Robbery,2
2019-10-25,Bangalore,Vandalism,2
2019-10-26,Bangalore,Theft,7
2019-10-27,Bangalore,Robbery,3
2019-10-28,Bangalore,Theft,1
2019-10-29,Bangalore,Assault,3
2019-10-30,Bangalore,Vandalism,7
2019-10-31,Bangalore,Robbery,5
2019-11-01,Bangalore,Assault,5
2019-11-02,Bangalore,Vandalism,4
2019-11-03,Bangalore,Vandalism,5
2019-11-04,Bangalore,Theft,5
2019-11-05,Bangalore,Theft,3
2019-11-06,Bangalore,Assault,3
2019-11-07,Bangalore,Theft,6
2019-11-08,Bangalore,Assault,6
2019-11-09,Bangalore,Assault,4
2019-11-10,Bangalore,Assault,9
2019-11-11,Bangalore,Theft,6
2019-11-12,Bangalore,Robbery,5
2019-11-13,Bangalore,Assault,5
2019-11-14,Bangalore,Robbery,4
2019-11-15,Bangalore,Vandalism,10
2019-11-16,Bangalore,Theft,6
2019-11-17,Bangalore,Theft,2
2019-11-18,Bangalore,Robbery,4
2019-11-19,Bangalore,Vandalism,3
2019-11-20,Bangalore,Vandalism,2
2019-11-21,Bangalore,Assault,5
2019-11-22,Bangalore,Theft,6
2019-11-23,Bangalore,Vandalism,5
2019-11-24,Bangalore,Vandalism,10
2019-11-25,Bangalore,Assault,5
2019-11-26,Bangalore,Assault,5
2019-11-27,Bangalore,Robbery,4
2019-11-28,Bangalore,Theft,4
2019-11-29,Bangalore,Vandalism,3
2019-11-30,Bangalore,Robbery,6
2019-12-01,Bangalore,Theft,4
2019-12-02,Bangalore,Robbery,2
2019-12-03,Bangalore,Theft,9
2019-12-04,Bangalore,Theft,5
2019-12-05,Bangalore,Vandalism,9
2019-12-06,Bangalore,Theft,5
2019-12-07,Bangalore,Assault,5
2019-12-08,Bangalore,Vandalism,1
2019-12-09,Bangalore,Assault,5
2019-12-10,Bangalore,Robbery,8
2019-12-11,Bangalore,Robbery,6
2019-12-12,Bangalore,Theft,2
2019-12-13,Bangalore,Theft,5
2019-12-14,Bangalore,Assault,5
2019-12-15,Bangalore,Assault,4
2019-12-16,Bangalore,Assault,6
2019-12-17,Bangalore,Robbery,5
2019-12-18,Bangalore,Assault,6
2019-12-19,Bangalore,Vandalism,5
2019-12-20,Bangalore,Vandalism,4
2019-12-21,Bangalore,Robbery,7
2019-12-22,Bangalore,Assault,5
2019-12-23,Bangalore,Assault,7
2019-12-24,Bangalore,Theft,6
2019-12-25,Bangalore,Vandalism,4
2019-12-26,Bangalore,Robbery,8
2019-12-27,Bangalore,Assault,4
2019-12-28,Bangalore,Theft,3
2019-12-29,Bangalore,Robbery,5
2019-12-30,Bangalore,Robbery,10
2019-12-31,Bangalore,Vandalism,6
2020-01-01,Bangalore,Assault,4
2020-01-02,Bangalore,Robbery,3
2020-01-03,Bangalore,Theft,3
2020-01-04,Bangalore,Theft,5
2020-01-05,Bangalore,Robbery,2
2020-01-06,Bangalore,Theft,6
2020-01-07,Bangalore,Robbery,2
2020-01-08,Bangalore,Theft,5
2020-01-09,Bangalore,Robbery,2
2020-01-10,Bangalore,Robbery,6
2020-01-11,Bangalore,Robbery,3
2020-01-12,Bangalore,Theft,5
2020-01-13,Bangalore,Robbery,2
2020-01-14,Bangalore,Vandalism,6
2020-01-15,Bangalore,Robbery,6
2020-01-16,Bangalore,Assault,7
2020-01-17,Bangalore,Assault,6
2020-01-18,Bangalore,Vandalism,6
2020-01-19,Bangalore,Robbery,4
2020-01-20,Bangalore,Assault,4
2020-01-21,Bangalore,Robbery,7
2020-01-22,Bangalore,Assault,5
2020-01-23,Bangalore,Theft,5
2020-01-24,Bangalore,Theft,8
2020-01-25,Bangalore,Vandalism,4
2020-01-26,Bangalore,Vandalism,2
2020-01-27,Bangalore,Robbery,3
2020-01-28,Bangalore,Vandalism,4
2020-01-29,Bangalore,Robbery,6
2020-01-30,Bangalore,Theft,9
2020-01-31,Bangalore,Theft,3
2020-02-01,Bangalore,Assault,5
2020-02-02,Bangalore,Robbery,3
2020-02-03,Bangalore,Theft,2
2020-02-04,Bangalore,Theft,4
2020-02-05,Bangalore,Robbery,9
2020-02-06,Bangalore,Assault,4
2020-02-07,Bangalore,Assault,5
2020-02-08,Bangalore,Assault,8
2020-02-09,Bangalore,Assault,8
2020-02-10,Bangalore,Theft,5
2020-02-11,Bangalore,Robbery,3
2020-02-12,Bangalore,Robbery,9
2020-02-13,Bangalore,Theft,2
2020-02-14,Bangalore,Theft,8
2020-02-15,Bangalore,Theft,7
2020-02-16,Bangalore,Vandalism,6
2020-02-17,Bangalore,Robbery,9
2020-02-18,Bangalore,Robbery,3
2020-02-19,Bangalore,Robbery,6
2020-02-20,Bangalore,Assault,7
2020-02-21,Bangalore,Theft,7
2020-02-22,Bangalore,Theft,5
2020-02-23,Bangalore,Theft,5
2020-02-24,Bangalore,Vandalism,1
2020-02-25,Bangalore,Robbery,7
2020-02-26,Bangalore,Theft,4
2020-02-27,Bangalore,Vandalism,7
2020-02-28,Bangalore,Theft,5
2020-02-29,Bangalore,Assault,5
2020-03-01,Bangalore,Robbery,3
2020-03-02,Bangalore,Vandalism,5
2020-03-03,Bangalore,Theft,5
2020-03-04,Bangalore,Robbery,4
2020-03-05,Bangalore,Vandalism,3
2020-03-06,Bangalore,Robbery,3
2020-03-07,Bangalore,Robbery,5
2020-03-08,Bangalore,Assault,10
2020-03-09,Bangalore,Robbery,2
2020-03-10,Bangalore,Vandalism,5
2020-03-11,Bangalore,Robbery,3
2020-03-12,Bangalore,Vandalism,4
2020-03-13,Bangalore,Robbery,6
2020-03-14,Bangalore,Theft,3
2020-03-15,Bangalore,Assault,4
2020-03-16,Bangalore,Theft,4
2020-03-17,Bangalore,Assault,5
2020-03-18,Bangalore,Vandalism,8
2020-03-19,Bangalore,Assault,5
2020-03-20,Bangalore,Robbery,6
2020-03-21,Bangalore,Robbery,3
2020-03-22,Bangalore,Theft,4
2020-03-23,Bangalore,Assault,5
2020-03-24,Bangalore,Vandalism,6
2020-03-25,Bangalore,Vandalism,7
2020-03-26,Bangalore,Robbery,5
2020-03-27,Bangalore,Vandalism,2
2020-03-28,Bangalore,Robbery,6
2020-03-29,Bangalore,Robbery,4
2020-03-30,Bangalore,Robbery,2
2020-03-31,Bangalore,Theft,4
2020-04-01,Bangalore,Theft,2
2020-04-02,Bangalore,Robbery,3
2020-04-03,Bangalore,Robbery,4
2020-04-04,Bangalore,Robbery,7
2020-04-05,Bangalore,Vandalism,5
2020-04-06,Bangalore,Robbery,5
2020-04-07,Bangalore,Robbery,7
2020-04-08,Bangalore,Assault,9
2020-04-09,Bangalore,Assault,7
2020-04-10,Bangalore,Assault,6
2020-04-11,Bangalore,Assault,6
2020-04-12,Bangalore,Robbery,9
2020-04-13,Bangalore,Assault,2
2020-04-14,Bangalore,Vandalism,3
2020-04-15,Bangalore,Vandalism,9
2020-04-16,Bangalore,Assault,3
2020-04-17,Bangalore,Theft,8
2020-04-18,Bangalore,Vandalism,5
2020-04-19,Bangalore,Vandalism,4
2020-04-20,Bangalore,Assault,9
2020-04-21,Bangalore,Assault,2
2020-04-22,Bangalore,Robbery,5
2020-04-23,Bangalore,Vandalism,10
2020-04-24,Bangalore,Assault,5
2020-04-25,Bangalore,Assault,4
2020-04-26,Bangalore,Robbery,7
2020-04-27,Bangalore,Vandalism,3
2020-04-28,Bangalore,Assault,6
2020-04-29,Bangalore,Robbery,3
2020-04-30,Bangalore,Assault,3
2020-05-01,Bangalore,Theft,4
2020-05-02,Bangalore,Theft,1
2020-05-03,Bangalore,Assault,2
2020-05-04,Bangalore,Vandalism,4
2020-05-05,Bangalore,Theft,5
2020-05-06,Bangalore,Robbery,8
2020-05-07,Bangalore,Assault,7
2020-05-08,Bangalore,Robbery,7
2020-05-09,Bangalore,Theft,2
2020-05-10,Bangalore,Vandalism,6
2020-05-11,Bangalore,Robbery,8
2020-05-12,Bangalore,Theft,6
2020-05-13,Bangalore,Theft,4
2020-05-14,Bangalore,Theft,4
2020-05-15,Bangalore,Robbery,4
2020-05-16,Bangalore,Theft,1
2020-05-17,Bangalore,Assault,6
2020-05-18,Bangalore,Theft,8
2020-05-19,Bangalore,Assault,7
2020-05-20,Bangalore,Vandalism,7
2020-05-21,Bangalore,Assault,6
2020-05-22,Bangalore,Vandalism,6
2020-05-23,Bangalore,Vandalism,4
2020-05-24,Bangalore,Assault,3
2020-05-25,Bangalore,Vandalism,6
2020-05-26,Bangalore,Assault,3
2020-05-27,Bangalore,Robbery,10
2020-05-28,Bangalore,Vandalism,5
2020-05-29,Bangalore,Assault,6
2020-05-30,Bangalore,Vandalism,6
2020-05-31,Bangalore,Theft,4
2020-06-01,Bangalore,Assault,6
2020-06-02,Bangalore,Theft,5
2020-06-03,Bangalore,Vandalism,3
2020-06-04,Bangalore,Vandalism,2
2020-06-05,Bangalore,Robbery,3
2020-06-06,Bangalore,Assault,2
2020-06-07,Bangalore,Theft,8
2020-06-08,Bangalore,Robbery,7
2020-06-09,Bangalore,Vandalism,4
2020-06-10,Bangalore,Vandalism,3
2020-06-11,Bangalore,Robbery,3
2020-06-12,Bangalore,Theft,6
2020-06-13,Bangalore,Vandalism,5
2020-06-14,Bangalore,Vandalism,1
2020-06-15,Bangalore,Assault,8
2020-06-16,Bangalore,Robbery,9
2020-06-17,Bangalore,Vandalism,4
2020-06-18,Bangalore,Theft,7
2020-06-19,Bangalore,Assault,3
2020-06-20,Bangalore,Robbery,7
2020-06-21,Bangalore,Theft,5
2020-06-22,Bangalore,Vandalism,6
2020-06-23,Bangalore,Robbery,8
2020-06-24,Bangalore,Robbery,2
2020-06-25,Bangalore,Theft,4
2020-06-26,Bangalore,Robbery,9
2020-06-27,Bangalore,Theft,4
2020-06-28,Bangalore,Vandalism,4
2020-06-29,Bangalore,Assault,3
2020-06-30,Bangalore,Theft,4
2020-07-01,Bangalore,Assault,4
2020-07-02,Bangalore,Robbery,6
2020-07-03,Bangalore,Theft,7
2020-07-04,Bangalore,Vandalism,3
2020-07-05,Bangalore,Theft,6
2020-07-06,Bangalore,Theft,8
2020-07-07,Bangalore,Theft,7
2020-07-08,Bangalore,Assault,3
2020-07-09,Bangalore,Assault,4
2020-07-10,Bangalore,Robbery,6
2020-07-11,Bangalore,Robbery,8
2020-07-12,Bangalore,Robbery,3
2020-07-13,Bangalore,Robbery,4
2020-07-14,Bangalore,Theft,3
2020-07-15,Bangalore,Assault,8
2020-07-16,Bangalore,Assault,1
2020-07-17,Bangalore,Assault,3
2020-07-18,Bangalore,Assault,7
2020-07-19,Bangalore,Robbery,5
2020-07-20,Bangalore,Theft,9
2020-07-21,Bangalore,Assault,5
2020-07-22,Bangalore,Vandalism,4
2020-07-23,Bangalore,Theft,5
2020-07-24,Bangalore,Vandalism,7
2020-07-25,Bangalore,Theft,3
2020-07-26,Bangalore,Theft,6
2020-07-27,Bangalore,Theft,7
2020-07-28,Bangalore,Vandalism,4
2020-07-29,Bangalore,Assault,4
2020-07-30,Bangalore,Assault,4
2020-07-31,Bangalore,Vandalism,3
2020-08-01,Bangalore,Assault,4
2020-08-02,Bangalore,Robbery,2
2020-08-03,Bangalore,Assault,7
2020-08-04,Bangalore,Robbery,6
2020-08-05,Bangalore,Robbery,7
2020-08-06,Bangalore,Robbery,5
2020-08-07,Bangalore,Vandalism,4
2020-08-08,Bangalore,Assault,5
2020-08-09,Bangalore,Assault,4
2020-08-10,Bangalore,Vandalism,7
2020-08-11,Bangalore,Vandalism,5
2020-08-12,Bangalore,Assault,6
2020-08-13,Bangalore,Vandalism,5
2020-08-14,Bangalore,Vandalism,2
2020-08-15,Bangalore,Robbery,4
2020-08-16,Bangalore,Vandalism,4
2020-08-17,Bangalore,Robbery,6
2020-08-18,Bangalore,Theft,11
2020-08-19,Bangalore,Robbery,6
2020-08-20,Bangalore,Robbery,8
2020-08-21,Bangalore,Vandalism,5
2020-08-22,Bangalore,Assault,3
2020-08-23,Bangalore,Theft,5
2020-08-24,Bangalore,Theft,1
2020-08-25,Bangalore,Theft,8
2020-08-26,Bangalore,Assault,6
2020-08-27,Bangalore,Theft,4
2020-08-28,Bangalore,Theft,7
2020-08-29,Bangalore,Assault,1
2020-08-30,Bangalore,Theft,7
2020-08-31,Bangalore,Vandalism,3
2020-09-01,Bangalore,Vandalism,9
2020-09-02,Bangalore,Robbery,4
2020-09-03,Bangalore,Robbery,2
2020-09-04,Bangalore,Robbery,4
2020-09-05,Bangalore,Vandalism,6
2020-09-06,Bangalore,Vandalism,2
2020-09-07,Bangalore,Vandalism,1
2020-09-08,Bangalore,Robbery,7
2020-09-09,Bangalore,Robbery,7
2020-09-10,Bangalore,Robbery,6
2020-09-11,Bangalore,Robbery,8
2020-09-12,Bangalore,Robbery,7
2020-09-13,Bangalore,Robbery,5
2020-09-14,Bangalore,Vandalism,6
2020-09-15,Bangalore,Assault,6
2020-09-16,Bangalore,Assault,7
2020-09-17,Bangalore,Robbery,6
2020-09-18,Bangalore,Assault,3
2020-09-19,Bangalore,Assault,3
2020-09-20,Bangalore,Vandalism,1
2020-09-21,Bangalore,Robbery,5
2020-09-22,Bangalore,Robbery,3
2020-09-23,Bangalore,Assault,9
2020-09-24,Bangalore,Robbery,8
2020-09-25,Bangalore,Robbery,4
2020-09-26,Bangalore,Robbery,2
2020-09-27,Bangalore,Robbery,3
2020-09-28,Bangalore,Assault,2
2020-09-29,Bangalore,Theft,4
2020-09-30,Bangalore,Assault,4
2020-10-01,Bangalore,Vandalism,5
2020-10-02,Bangalore,Theft,8
2020-10-03,Bangalore,Theft,6
2020-10-04,Bangalore,Theft,3
2020-10-05,Bangalore,Assault,5
2020-10-06,Bangalore,Vandalism,6
2020-10-07,Bangalore,Assault,3
2020-10-08,Bangalore,Vandalism,8
2020-10-09,Bangalore,Assault,8
2020-10-10,Bangalore,Assault,5
2020-10-11,Bangalore,Assault,4
2020-10-12,Bangalore,Theft,2
2020-10-13,Bangalore,Assault,6
2020-10-14,Bangalore,Vandalism,5
2020-10-15,Bangalore,Vandalism,6
2020-10-16,Bangalore,Vandalism,7
2020-10-17,Bangalore,Theft,3
2020-10-18,Bangalore,Assault,9
2020-10-19,Bangalore,Assault,2
2020-10-20,Bangalore,Robbery,0
2020-10-21,Bangalore,Theft,6
2020-10-22,Bangalore,Vandalism,4
2020-10-23,Bangalore,Vandalism,6
2020-10-24,Bangalore,Assault,4
2020-10-25,Bangalore,Vandalism,5
2020-10-26,Bangalore,Assault,2
2020-10-27,Bangalore,Assault,5
2020-10-28,Bangalore,Robbery,4
2020-10-29,Bangalore,Theft,3
2020-10-30,Bangalore,Assault,5
2020-10-31,Bangalore,Assault,3
2020-11-01,Bangalore,Assault,3
2020-11-02,Bangalore,Robbery,4
2020-11-03,Bangalore,Assault,8
2020-11-04,Bangalore,Theft,5
2020-11-05,Bangalore,Theft,4
2020-11-06,Bangalore,Vandalism,4
2020-11-07,Bangalore,Theft,4
2020-11-08,Bangalore,Vandalism,4
2020-11-09,Bangalore,Theft,7
2020-11-10,Bangalore,Vandalism,8
2020-11-11,Bangalore,Assault,7
2020-11-12,Bangalore,Robbery,3
2020-11-13,Bangalore,Robbery,6
2020-11-14,Bangalore,Robbery,6
2020-11-15,Bangalore,Assault,4
2020-11-16,Bangalore,Robbery,6
2020-11-17,Bangalore,Theft,9
2020-11-18,Bangalore,Vandalism,6
2020-11-19,Bangalore,Assault,4
2020-11-20,Bangalore,Robbery,6
2020-11-21,Bangalore,Theft,7
2020-11-22,Bangalore,Theft,4
2020-11-23,Bangalore,Assault,3
2020-11-24,Bangalore,Assault,4
2020-11-25,Bangalore,Robbery,5
2020-11-26,Bangalore,Vandalism,3
2020-11-27,Bangalore,Robbery,5
2020-11-28,Bangalore,Robbery,3
2020-11-29,Bangalore,Assault,5
2020-11-30,Bangalore,Robbery,5
2020-12-01,Bangalore,Robbery,5
2020-12-02,Bangalore,Vandalism,6
2020-12-03,Bangalore,Theft,6
2020-12-04,Bangalore,Theft,6
2020-12-05,Bangalore,Vandalism,5
2020-12-06,Bangalore,Theft,7
2020-12-07,Bangalore,Robbery,3
2020-12-08,Bangalore,Vandalism,5
2020-12-09,Bangalore,Vandalism,7
2020-12-10,Bangalore,Assault,2
2020-12-11,Bangalore,Theft,8
2020-12-12,Bangalore,Assault,4
2020-12-13,Bangalore,Robbery,2
2020-12-14,Bangalore,Vandalism,5
2020-12-15,Bangalore,Robbery,5
2020-12-16,Bangalore,Theft,4
2020-12-17,Bangalore,Assault,6
2020-12-18,Bangalore,Theft,8
2020-12-19,Bangalore,Robbery,4
2020-12-20,Bangalore,Assault,3
2020-12-21,Bangalore,Theft,6
2020-12-22,Bangalore,Robbery,4
2020-12-23,Bangalore,Theft,2
2020-12-24,Bangalore,Vandalism,3
2020-12-25,Bangalore,Assault,1
2020-12-26,Bangalore,Assault,9
2020-12-27,Bangalore,Assault,5
2020-12-28,Bangalore,Vandalism,3
2020-12-29,Bangalore,Assault,4
2020-12-30,Bangalore,Vandalism,3
2020-12-31,Bangalore,Assault,4
2021-01-01,Bangalore,Theft,6
2021-01-02,Bangalore,Theft,4
2021-01-03,Bangalore,Theft,2
2021-01-04,Bangalore,Theft,6
2021-01-05,Bangalore,Vandalism,3
2021-01-06,Bangalore,Robbery,6
2021-01-07,Bangalore,Robbery,2
2021-01-08,Bangalore,Theft,8
2021-01-09,Bangalore,Robbery,3
2021-01-10,Bangalore,Robbery,6
2021-01-11,Bangalore,Assault,4
2021-01-12,Bangalore,Vandalism,5
2021-01-13,Bangalore,Theft,6
2021-01-14,Bangalore,Robbery,1
2021-01-15,Bangalore,Robbery,5
2021-01-16,Bangalore,Theft,7
2021-01-17,Bangalore,Assault,6
2021-01-18,Bangalore,Theft,6
2021-01-19,Bangalore,Assault,7
2021-01-20,Bangalore,Robbery,4
2021-01-21,Bangalore,Vandalism,3
2021-01-22,Bangalore,Assault,8
2021-01-23,Bangalore,Assault,4
2021-01-24,Bangalore,Theft,5
2021-01-25,Bangalore,Robbery,5
2021-01-26,Bangalore,Vandalism,3
2021-01-27,Bangalore,Theft,9
2021-01-28,Bangalore,Theft,8
2021-01-29,Bangalore,Vandalism,6
2021-01-30,Bangalore,Robbery,3
2021-01-31,Bangalore,Vandalism,5
2021-02-01,Bangalore,Theft,5
2021-02-02,Bangalore,Theft,5
2021-02-03,Bangalore,Assault,3
2021-02-04,Bangalore,Vandalism,7
2021-02-05,Bangalore,Vandalism,3
2021-02-06,Bangalore,Vandalism,0
2021-02-07,Bangalore,Theft,6
2021-02-08,Bangalore,Robbery,6
2021-02-09,Bangalore,Theft,4
2021-02-10,Bangalore,Assault,5
2021-02-11,Bangalore,Theft,9
2021-02-12,Bangalore,Theft,5
2021-02-13,Bangalore,Theft,4
2021-02-14,Bangalore,Assault,3
2021-02-15,Bangalore,Vandalism,6
2021-02-16,Bangalore,Robbery,2
2021-02-17,Bangalore,Robbery,6
2021-02-18,Bangalore,Assault,6
2021-02-19,Bangalore,Vandalism,6
2021-02-20,Bangalore,Vandalism,5
2021-02-21,Bangalore,Assault,3
2021-02-22,Bangalore,Theft,4
2021-02-23,Bangalore,Vandalism,4
2021-02-24,Bangalore,Robbery,5
2021-02-25,Bangalore,Assault,4
2021-02-26,Bangalore,Robbery,4
2021-02-27,Bangalore,Theft,5
2021-02-28,Bangalore,Assault,5
2021-03-01,Bangalore,Robbery,5
2021-03-02,Bangalore,Robbery,7
2021-03-03,Bangalore,Theft,3
2021-03-04,Bangalore,Assault,2
2021-03-05,Bangalore,Vandalism,4
2021-03-06,Bangalore,Vandalism,4
2021-03-07,Bangalore,Robbery,6
2021-03-08,Bangalore,Theft,3
2021-03-09,Bangalore,Robbery,5
2021-03-10,Bangalore,Theft,5
2021-03-11,Bangalore,Vandalism,5
2021-03-12,Bangalore,Robbery,5
2021-03-13,Bangalore,Robbery,3
2021-03-14,Bangalore,Theft,10
2021-03-15,Bangalore,Assault,5
2021-03-16,Bangalore,Theft,4
2021-03-17,Bangalore,Assault,4
2021-03-18,Bangalore,Vandalism,7
2021-03-19,Bangalore,Robbery,3
2021-03-20,Bangalore,Robbery,6
2021-03-21,Bangalore,Theft,2
2021-03-22,Bangalore,Theft,4
2021-03-23,Bangalore,Vandalism,4
2021-03-24,Bangalore,Vandalism,4
2021-03-25,Bangalore,Assault,8
2021-03-26,Bangalore,Vandalism,5
2021-03-27,Bangalore,Vandalism,8
2021-03-28,Bangalore,Vandalism,5
2021-03-29,Bangalore,Vandalism,7
2021-03-30,Bangalore,Assault,8
2021-03-31,Bangalore,Vandalism,3
2021-04-01,Bangalore,Assault,4
2021-04-02,Bangalore,Theft,6
2021-04-03,Bangalore,Robbery,4
2021-04-04,Bangalore,Theft,4
2021-04-05,Bangalore,Vandalism,6
2021-04-06,Bangalore,Robbery,2
2021-04-07,Bangalore,Vandalism,4
2021-04-08,Bangalore,Vandalism,2
2021-04-09,Bangalore,Theft,8
2021-04-10,Bangalore,Vandalism,7
2021-04-11,Bangalore,Theft,2
2021-04-12,Bangalore,Vandalism,5
2021-04-13,Bangalore,Assault,6
2021-04-14,Bangalore,Robbery,7
2021-04-15,Bangalore,Theft,7
2021-04-16,Bangalore,Theft,7
2021-04-17,Bangalore,Robbery,6
2021-04-18,Bangalore,Theft,5
2021-04-19,Bangalore,Robbery,5
2021-04-20,Bangalore,Assault,8
2021-04-21,Bangalore,Vandalism,7
2021-04-22,Bangalore,Assault,4
2021-04-23,Bangalore,Vandalism,5
2021-04-24,Bangalore,Robbery,8
2021-04-25,Bangalore,Assault,5
2021-04-26,Bangalore,Vandalism,2
2021-04-27,Bangalore,Robbery,3
2021-04-28,Bangalore,Vandalism,7
2021-04-29,Bangalore,Theft,3
2021-04-30,Bangalore,Theft,8
2021-05-01,Bangalore,Robbery,1
2021-05-02,Bangalore,Vandalism,5
2021-05-03,Bangalore,Theft,3
2021-05-04,Bangalore,Assault,5
2021-05-05,Bangalore,Vandalism,5
2021-05-06,Bangalore,Vandalism,2
2021-05-07,Bangalore,Theft,7
2021-05-08,Bangalore,Theft,2
2021-05-09,Bangalore,Robbery,4
2021-05-10,Bangalore,Vandalism,5
2021-05-11,Bangalore,Assault,4
2021-05-12,Bangalore,Theft,4
2021-05-13,Bangalore,Vandalism,5
2021-05-14,Bangalore,Theft,4
2021-05-15,Bangalore,Robbery,4
2021-05-16,Bangalore,Vandalism,5
2021-05-17,Bangalore,Vandalism,7
2021-05-18,Bangalore,Robbery,6
2021-05-19,Bangalore,Assault,6
2021-05-20,Bangalore,Theft,8
2021-05-21,Bangalore,Robbery,5
2021-05-22,Bangalore,Vandalism,2
2021-05-23,Bangalore,Robbery,4
2021-05-24,Bangalore,Vandalism,6
2021-05-25,Bangalore,Robbery,3
2021-05-26,Bangalore,Assault,3
2021-05-27,Bangalore,Vandalism,5
2021-05-28,Bangalore,Robbery,5
2021-05-29,Bangalore,Assault,6
2021-05-30,Bangalore,Assault,2
2021-05-31,Bangalore,Theft,6
2021-06-01,Bangalore,Vandalism,4
2021-06-02,Bangalore,Theft,3
2021-06-03,Bangalore,Assault,4
2021-06-04,Bangalore,Theft,2
2021-06-05,Bangalore,Theft,6
2021-06-06,Bangalore,Robbery,8
2021-06-07,Bangalore,Theft,5
2021-06-08,Bangalore,Assault,6
2021-06-09,Bangalore,Theft,5
2021-06-10,Bangalore,Vandalism,5
2021-06-11,Bangalore,Robbery,6
2021-06-12,Bangalore,Assault,4
2021-06-13,Bangalore,Theft,4
2021-06-14,Bangalore,Vandalism,5
2021-06-15,Bangalore,Assault,5
2021-06-16,Bangalore,Theft,4
2021-06-17,Bangalore,Robbery,4
2021-06-18,Bangalore,Theft,7
2021-06-19,Bangalore,Assault,5
2021-06-20,Bangalore,Assault,4
2021-06-21,Bangalore,Assault,3
2021-06-22,Bangalore,Vandalism,9
2021-06-23,Bangalore,Theft,6
2021-06-24,Bangalore,Theft,6
2021-06-25,Bangalore,Theft,4
2021-06-26,Bangalore,Robbery,7
2021-06-27,Bangalore,Vandalism,6
2021-06-28,Bangalore,Vandalism,6
2021-06-29,Bangalore,Robbery,2
2021-06-30,Bangalore,Vandalism,6
2021-07-01,Bangalore,Robbery,4
2021-07-02,Bangalore,Assault,7
2021-07-03,Bangalore,Assault,8
2021-07-04,Bangalore,Vandalism,6
2021-07-05,Bangalore,Assault,3
2021-07-06,Bangalore,Assault,4
2021-07-07,Bangalore,Assault,5
2021-07-08,Bangalore,Theft,3
2021-07-09,Bangalore,Assault,5
2021-07-10,Bangalore,Theft,8
2021-07-11,Bangalore,Robbery,8
2021-07-12,Bangalore,Robbery,5
2021-07-13,Bangalore,Robbery,5
2021-07-14,Bangalore,Robbery,8
2021-07-15,Bangalore,Robbery,5
2021-07-16,Bangalore,Assault,4
2021-07-17,Bangalore,Assault,3
2021-07-18,Bangalore,Assault,7
2021-07-19,Bangalore,Robbery,4
2021-07-20,Bangalore,Robbery,4
2021-07-21,Bangalore,Theft,5
2021-07-22,Bangalore,Vandalism,3
2021-07-23,Bangalore,Assault,5
2021-07-24,Bangalore,Vandalism,4
2021-07-25,Bangalore,Robbery,6
2021-07-26,Bangalore,Robbery,5
2021-07-27,Bangalore,Robbery,5
2021-07-28,Bangalore,Vandalism,2
2021-07-29,Bangalore,Theft,5
2021-07-30,Bangalore,Robbery,3
2021-07-31,Bangalore,Theft,3
2021-08-01,Bangalore,Theft,5
2021-08-02,Bangalore,Assault,4
2021-08-03,Bangalore,Vandalism,3
2021-08-04,Bangalore,Robbery,4
2021-08-05,Bangalore,Theft,2
2021-08-06,Bangalore,Vandalism,6
2021-08-07,Bangalore,Vandalism,7
2021-08-08,Bangalore,Robbery,3
2021-08-09,Bangalore,Assault,5
2021-08-10,Bangalore,Assault,4
2021-08-11,Bangalore,Theft,6
2021-08-12,Bangalore,Assault,6
2021-08-13,Bangalore,Assault,2
2021-08-14,Bangalore,Assault,2
2021-08-15,Bangalore,Vandalism,5
2021-08-16,Bangalore,Robbery,2
2021-08-17,Bangalore,Vandalism,7
2021-08-18,Bangalore,Vandalism,4
2021-08-19,Bangalore,Robbery,5
2021-08-20,Bangalore,Vandalism,7
2021-08-21,Bangalore,Theft,5
2021-08-22,Bangalore,Theft,7
2021-08-23,Bangalore,Vandalism,1
2021-08-24,Bangalore,Assault,3
2021-08-25,Bangalore,Vandalism,4
2021-08-26,Bangalore,Assault,9
2021-08-27,Bangalore,Vandalism,4
2021-08-28,Bangalore,Theft,5
2021-08-29,Bangalore,Assault,6
2021-08-30,Bangalore,Theft,6
2021-08-31,Bangalore,Vandalism,3
2021-09-01,Bangalore,Robbery,3
2021-09-02,Bangalore,Assault,5
2021-09-03,Bangalore,Assault,7
2021-09-04,Bangalore,Vandalism,6
2021-09-05,Bangalore,Vandalism,6
2021-09-06,Bangalore,Assault,4
2021-09-07,Bangalore,Robbery,7
2021-09-08,Bangalore,Vandalism,4
2021-09-09,Bangalore,Vandalism,8
2021-09-10,Bangalore,Vandalism,5
2021-09-11,Bangalore,Robbery,5
2021-09-12,Bangalore,Assault,4
2021-09-13,Bangalore,Theft,5
2021-09-14,Bangalore,Vandalism,2
2021-09-15,Bangalore,Robbery,3
2021-09-16,Bangalore,Assault,7
2021-09-17,Bangalore,Assault,5
2021-09-18,Bangalore,Robbery,6
2021-09-19,Bangalore,Vandalism,7
2021-09-20,Bangalore,Theft,2
2021-09-21,Bangalore,Vandalism,7
2021-09-22,Bangalore,Assault,5
2021-09-23,Bangalore,Theft,5
2021-09-24,Bangalore,Vandalism,7
2021-09-25,Bangalore,Theft,6
2021-09-26,Bangalore,Robbery,5
2021-09-27,Bangalore,Vandalism,0
2021-09-28,Bangalore,Assault,7
2021-09-29,Bangalore,Assault,5
2021-09-30,Bangalore,Theft,5
2021-10-01,Bangalore,Robbery,6
2021-10-02,Bangalore,Vandalism,8
2021-10-03,Bangalore,Robbery,4
2021-10-04,Bangalore,Robbery,6
2021-10-05,Bangalore,Theft,4
2021-10-06,Bangalore,Theft,1
2021-10-07,Bangalore,Vandalism,3
2021-10-08,Bangalore,Assault,4
2021-10-09,Bangalore,Vandalism,5
2021-10-10,Bangalore,Robbery,4
2021-10-11,Bangalore,Theft,5
2021-10-12,Bangalore,Robbery,2
2021-10-13,Bangalore,Theft,2
2021-10-14,Bangalore,Assault,5
2021-10-15,Bangalore,Robbery,5
2021-10-16,Bangalore,Theft,5
2021-10-17,Bangalore,Vandalism,6
2021-10-18,Bangalore,Vandalism,4
2021-10-19,Bangalore,Vandalism,9
2021-10-20,Bangalore,Robbery,7
2021-10-21,Bangalore,Theft,2
2021-10-22,Bangalore,Theft,3
2021-10-23,Bangalore,Theft,4
2021-10-24,Bangalore,Robbery,6
2021-10-25,Bangalore,Theft,7
2021-10-26,Bangalore,Assault,4
2021-10-27,Bangalore,Robbery,5
2021-10-28,Bangalore,Assault,5
2021-10-29,Bangalore,Assault,3
2021-10-30,Bangalore,Vandalism,3
2021-10-31,Bangalore,Robbery,7
2021-11-01,Bangalore,Theft,3
2021-11-02,Bangalore,Assault,8
2021-11-03,Bangalore,Robbery,8
2021-11-04,Bangalore,Theft,5
2021-11-05,Bangalore,Vandalism,5
2021-11-06,Bangalore,Robbery,3
2021-11-07,Bangalore,Robbery,3
2021-11-08,Bangalore,Robbery,6
2021-11-09,Bangalore,Theft,5
2021-11-10,Bangalore,Assault,4
2021-11-11,Bangalore,Assault,6
2021-11-12,Bangalore,Robbery,3
2021-11-13,Bangalore,Robbery,12
2021-11-14,Bangalore,Theft,1
2021-11-15,Bangalore,Vandalism,6
2021-11-16,Bangalore,Robbery,1
2021-11-17,Bangalore,Robbery,6
2021-11-18,Bangalore,Vandalism,1
2021-11-19,Bangalore,Robbery,4
2021-11-20,Bangalore,Assault,3
2021-11-21,Bangalore,Robbery,3
2021-11-22,Bangalore,Assault,5
2021-11-23,Bangalore,Theft,5
2021-11-24,Bangalore,Theft,5
2021-11-25,Bangalore,Assault,9
2021-11-26,Bangalore,Assault,3
2021-11-27,Bangalore,Vandalism,3
2021-11-28,Bangalore,Assault,6
2021-11-29,Bangalore,Assault,6
2021-11-30,Bangalore,Robbery,3
2021-12-01,Bangalore,Vandalism,7
2021-12-02,Bangalore,Assault,4
2021-12-03,Bangalore,Assault,1
2021-12-04,Bangalore,Assault,7
2021-12-05,Bangalore,Robbery,7
2021-12-06,Bangalore,Robbery,2
2021-12-07,Bangalore,Robbery,5
2021-12-08,Bangalore,Theft,6
2021-12-09,Bangalore,Robbery,9
2021-12-10,Bangalore,Assault,3
2021-12-11,Bangalore,Robbery,4
2021-12-12,Bangalore,Robbery,10
2021-12-13,Bangalore,Vandalism,4
2021-12-14,Bangalore,Assault,4
2021-12-15,Bangalore,Robbery,4
2021-12-16,Bangalore,Theft,7
2021-12-17,Bangalore,Vandalism,8
2021-12-18,Bangalore,Robbery,6
2021-12-19,Bangalore,Vandalism,6
2021-12-20,Bangalore,Vandalism,3
2021-12-21,Bangalore,Theft,5
2021-12-22,Bangalore,Theft,6
2021-12-23,Bangalore,Theft,2
2021-12-24,Bangalore,Assault,8
2021-12-25,Bangalore,Vandalism,5
2021-12-26,Bangalore,Robbery,4
2021-12-27,Bangalore,Theft,4
2021-12-28,Bangalore,Theft,2
2021-12-29,Bangalore,Vandalism,5
2021-12-30,Bangalore,Vandalism,5
2021-12-31,Bangalore,Vandalism,4
2022-01-01,Bangalore,Robbery,2
2022-01-02,Bangalore,Assault,4
2022-01-03,Bangalore,Assault,4
2022-01-04,Bangalore,Theft,1
2022-01-05,Bangalore,Assault,8
2022-01-06,Bangalore,Robbery,4
2022-01-07,Bangalore,Assault,10
2022-01-08,Bangalore,Robbery,6
2022-01-09,Bangalore,Theft,3
2022-01-10,Bangalore,Vandalism,6
2022-01-11,Bangalore,Robbery,4
2022-01-12,Bangalore,Vandalism,3
2022-01-13,Bangalore,Theft,2
2022-01-14,Bangalore,Robbery,3
2022-01-15,Bangalore,Robbery,5
2022-01-16,Bangalore,Assault,3
2022-01-17,Bangalore,Robbery,4
2022-01-18,Bangalore,Theft,3
2022-01-19,Bangalore,Vandalism,6
2022-01-20,Bangalore,Robbery,5
2022-01-21,Bangalore,Theft,5
2022-01-22,Bangalore,Theft,4
2022-01-23,Bangalore,Robbery,4
2022-01-24,Bangalore,Assault,6
2022-01-25,Bangalore,Robbery,4
2022-01-26,Bangalore,Robbery,6
2022-01-27,Bangalore,Assault,4
2022-01-28,Bangalore,Theft,5
2022-01-29,Bangalore,Robbery,5
2022-01-30,Bangalore,Assault,4
2022-01-31,Bangalore,Vandalism,5
2022-02-01,Bangalore,Vandalism,3
2022-02-02,Bangalore,Assault,4
2022-02-03,Bangalore,Theft,6
2022-02-04,Bangalore,Assault,6
2022-02-05,Bangalore,Theft,1
2022-02-06,Bangalore,Vandalism,3
2022-02-07,Bangalore,Robbery,4
2022-02-08,Bangalore,Assault,6
2022-02-09,Bangalore,Vandalism,4
2022-02-10,Bangalore,Robbery,3
2022-02-11,Bangalore,Vandalism,14
2022-02-12,Bangalore,Assault,5
2022-02-13,Bangalore,Assault,4
2022-02-14,Bangalore,Robbery,5
2022-02-15,Bangalore,Assault,5
2022-02-16,Bangalore,Vandalism,7
2022-02-17,Bangalore,Robbery,7
2022-02-18,Bangalore,Robbery,7
2022-02-19,Bangalore,Vandalism,2
2022-02-20,Bangalore,Theft,5
2022-02-21,Bangalore,Robbery,3
2022-02-22,Bangalore,Theft,7
2022-02-23,Bangalore,Vandalism,2
2022-02-24,Bangalore,Vandalism,6
2022-02-25,Bangalore,Robbery,4
2022-02-26,Bangalore,Assault,8
2022-02-27,Bangalore,Robbery,5
2022-02-28,Bangalore,Assault,1
2022-03-01,Bangalore,Theft,2
2022-03-02,Bangalore,Assault,3
2022-03-03,Bangalore,Robbery,6
2022-03-04,Bangalore,Assault,8
2022-03-05,Bangalore,Vandalism,4
2022-03-06,Bangalore,Theft,3
2022-03-07,Bangalore,Vandalism,6
2022-03-08,Bangalore,Vandalism,6
2022-03-09,Bangalore,Vandalism,8
2022-03-10,Bangalore,Vandalism,6
2022-03-11,Bangalore,Assault,6
2022-03-12,Bangalore,Vandalism,5
2022-03-13,Bangalore,Assault,4
2022-03-14,Bangalore,Vandalism,5
2022-03-15,Bangalore,Robbery,5
2022-03-16,Bangalore,Vandalism,6
2022-03-17,Bangalore,Robbery,11
2022-03-18,Bangalore,Assault,8
2022-03-19,Bangalore,Theft,7
2022-03-20,Bangalore,Assault,7
2022-03-21,Bangalore,Theft,4
2022-03-22,Bangalore,Theft,8
2022-03-23,Bangalore,Vandalism,6
2022-03-24,Bangalore,Theft,2
2022-03-25,Bangalore,Assault,4
2022-03-26,Bangalore,Vandalism,0
2022-03-27,Bangalore,Theft,6
2022-03-28,Bangalore,Assault,0
2022-03-29,Bangalore,Theft,7
2022-03-30,Bangalore,Theft,9
2022-03-31,Bangalore,Vandalism,7
2022-04-01,Bangalore,Vandalism,2
2022-04-02,Bangalore,Assault,4
2022-04-03,Bangalore,Vandalism,8
2022-04-04,Bangalore,Vandalism,5
2022-04-05,Bangalore,Robbery,5
2022-04-06,Bangalore,Robbery,6
2022-04-07,Bangalore,Assault,2
2022-04-08,Bangalore,Vandalism,4
2022-04-09,Bangalore,Assault,7
2022-04-10,Bangalore,Robbery,3
2022-04-11,Bangalore,Robbery,6
2022-04-12,Bangalore,Robbery,2
2022-04-13,Bangalore,Assault,8
2022-04-14,Bangalore,Vandalism,10
2022-04-15,Bangalore,Theft,5
2022-04-16,Bangalore,Vandalism,4
2022-04-17,Bangalore,Assault,4
2022-04-18,Bangalore,Robbery,8
2022-04-19,Bangalore,Theft,9
2022-04-20,Bangalore,Assault,7
2022-04-21,Bangalore,Robbery,7
2022-04-22,Bangalore,Assault,3
2022-04-23,Bangalore,Theft,8
2022-04-24,Bangalore,Robbery,7
2022-04-25,Bangalore,Vandalism,2
2022-04-26,Bangalore,Assault,5
2022-04-27,Bangalore,Theft,7
2022-04-28,Bangalore,Vandalism,6
2022-04-29,Bangalore,Theft,1
2022-04-30,Bangalore,Assault,3
2022-05-01,Bangalore,Theft,4
2022-05-02,Bangalore,Robbery,4
2022-05-03,Bangalore,Theft,3
2022-05-04,Bangalore,Assault,7
2022-05-05,Bangalore,Robbery,9
2022-05-06,Bangalore,Theft,4
2022-05-07,Bangalore,Theft,3
2022-05-08,Bangalore,Robbery,4
2022-05-09,Bangalore,Vandalism,4
2022-05-10,Bangalore,Vandalism,6
2022-05-11,Bangalore,Robbery,3
2022-05-12,Bangalore,Theft,10
2022-05-13,Bangalore,Vandalism,5
2022-05-14,Bangalore,Robbery,5
2022-05-15,Bangalore,Assault,3
2022-05-16,Bangalore,Theft,2
2022-05-17,Bangalore,Assault,7
2022-05-18,Bangalore,Theft,5
2022-05-19,Bangalore,Vandalism,4
2022-05-20,Bangalore,Assault,6
2022-05-21,Bangalore,Assault,5
2022-05-22,Bangalore,Robbery,4
2022-05-23,Bangalore,Vandalism,7
2022-05-24,Bangalore,Vandalism,4
2022-05-25,Bangalore,Theft,2
2022-05-26,Bangalore,Robbery,3
2022-05-27,Bangalore,Robbery,8
2022-05-28,Bangalore,Theft,5
2022-05-29,Bangalore,Assault,6
2022-05-30,Bangalore,Theft,2
2022-05-31,Bangalore,Theft,3
2022-06-01,Bangalore,Theft,3
2022-06-02,Bangalore,Robbery,7
2022-06-03,Bangalore,Theft,5
2022-06-04,Bangalore,Theft,2
2022-06-05,Bangalore,Theft,2
2022-06-06,Bangalore,Vandalism,7
2022-06-07,Bangalore,Assault,8
2022-06-08,Bangalore,Assault,4
2022-06-09,Bangalore,Assault,4
2022-06-10,Bangalore,Assault,4
2022-06-11,Bangalore,Robbery,3
2022-06-12,Bangalore,Robbery,4
2022-06-13,Bangalore,Theft,6
2022-06-14,Bangalore,Robbery,5
2022-06-15,Bangalore,Assault,5
2022-06-16,Bangalore,Vandalism,3
2022-06-17,Bangalore,Theft,6
2022-06-18,Bangalore,Theft,4
2022-06-19,Bangalore,Assault,2
2022-06-20,Bangalore,Assault,5
2022-06-21,Bangalore,Assault,7
2022-06-22,Bangalore,Robbery,8
2022-06-23,Bangalore,Theft,0
2022-06-24,Bangalore,Assault,5
2022-06-25,Bangalore,Vandalism,4
2022-06-26,Bangalore,Theft,6
2022-06-27,Bangalore,Theft,4
2022-06-28,Bangalore,Robbery,7
2022-06-29,Bangalore,Theft,2
2022-06-30,Bangalore,Assault,3
2022-07-01,Bangalore,Assault,3
2022-07-02,Bangalore,Vandalism,5
2022-07-03,Bangalore,Theft,6
2022-07-04,Bangalore,Theft,9
2022-07-05,Bangalore,Robbery,6
2022-07-06,Bangalore,Assault,7
2022-07-07,Bangalore,Vandalism,2
2022-07-08,Bangalore,Assault,2
2022-07-09,Bangalore,Theft,8
2022-07-10,Bangalore,Theft,8
2022-07-11,Bangalore,Vandalism,8
2022-07-12,Bangalore,Theft,7
2022-07-13,Bangalore,Vandalism,6
2022-07-14,Bangalore,Vandalism,2
2022-07-15,Bangalore,Assault,7
2022-07-16,Bangalore,Vandalism,6
2022-07-17,Bangalore,Theft,5
2022-07-18,Bangalore,Robbery,6
2022-07-19,Bangalore,Robbery,4
2022-07-20,Bangalore,Theft,4
2022-07-21,Bangalore,Robbery,4
2022-07-22,Bangalore,Robbery,5
2022-07-23,Bangalore,Vandalism,4
2022-07-24,Bangalore,Robbery,7
2022-07-25,Bangalore,Robbery,2
2022-07-26,Bangalore,Robbery,4
2022-07-27,Bangalore,Assault,1
2022-07-28,Bangalore,Theft,6
2022-07-29,Bangalore,Vandalism,1
2022-07-30,Bangalore,Robbery,6
2022-07-31,Bangalore,Theft,6
2022-08-01,Bangalore,Robbery,0
2022-08-02,Bangalore,Assault,6
2022-08-03,Bangalore,Assault,1
2022-08-04,Bangalore,Robbery,4
2022-08-05,Bangalore,Robbery,6
2022-08-06,Bangalore,Robbery,7
2022-08-07,Bangalore,Assault,6
2022-08-08,Bangalore,Assault,3
2022-08-09,Bangalore,Theft,7
2022-08-10,Bangalore,Vandalism,6
2022-08-11,Bangalore,Vandalism,5
2022-08-12,Bangalore,Assault,7
2022-08-13,Bangalore,Vandalism,4
2022-08-14,Bangalore,Robbery,7
2022-08-15,Bangalore,Theft,1
2022-08-16,Bangalore,Assault,2
2022-08-17,Bangalore,Assault,2
2022-08-18,Bangalore,Vandalism,6
2022-08-19,Bangalore,Robbery,8
2022-08-20,Bangalore,Theft,6
2022-08-21,Bangalore,Vandalism,0
2022-08-22,Bangalore,Assault,10
2022-08-23,Bangalore,Assault,2
2022-08-24,Bangalore,Vandalism,5
2022-08-25,Bangalore,Robbery,8
2022-08-26,Bangalore,Theft,5
2022-08-27,Bangalore,Theft,4
2022-08-28,Bangalore,Theft,3
2022-08-29,Bangalore,Theft,7
2022-08-30,Bangalore,Robbery,7
2022-08-31,Bangalore,Assault,3
2022-09-01,Bangalore,Assault,3
2022-09-02,Bangalore,Theft,2
2022-09-03,Bangalore,Theft,2
2022-09-04,Bangalore,Theft,7
2022-09-05,Bangalore,Vandalism,4
2022-09-06,Bangalore,Vandalism,1
2022-09-07,Bangalore,Assault,3
2022-09-08,Bangalore,Assault,10
2022-09-09,Bangalore,Theft,3
2022-09-10,Bangalore,Vandalism,6
2022-09-11,Bangalore,Robbery,4
2022-09-12,Bangalore,Vandalism,5
2022-09-13,Bangalore,Assault,3
2022-09-14,Bangalore,Vandalism,7
2022-09-15,Bangalore,Assault,5
2022-09-16,Bangalore,Theft,2
2022-09-17,Bangalore,Robbery,6
2022-09-18,Bangalore,Theft,3
2022-09-19,Bangalore,Theft,2
2022-09-20,Bangalore,Robbery,7
2022-09-21,Bangalore,Robbery,6
2022-09-22,Bangalore,Robbery,3
2022-09-23,Bangalore,Assault,5
2022-09-24,Bangalore,Theft,7
2022-09-25,Bangalore,Assault,4
2022-09-26,Bangalore,Robbery,4
2022-09-27,Bangalore,Assault,3
2022-09-28,Bangalore,Robbery,6
2022-09-29,Bangalore,Vandalism,4
2022-09-30,Bangalore,Robbery,5
2022-10-01,Bangalore,Theft,7
2022-10-02,Bangalore,Theft,4
2022-10-03,Bangalore,Theft,3
2022-10-04,Bangalore,Assault,1
2022-10-05,Bangalore,Theft,5
2022-10-06,Bangalore,Robbery,8
2022-10-07,Bangalore,Vandalism,5
2022-10-08,Bangalore,Theft,5
2022-10-09,Bangalore,Assault,3
2022-10-10,Bangalore,Vandalism,3
2022-10-11,Bangalore,Theft,6
2022-10-12,Bangalore,Theft,5
2022-10-13,Bangalore,Vandalism,7
2022-10-14,Bangalore,Theft,6
2022-10-15,Bangalore,Assault,8
2022-10-16,Bangalore,Robbery,8
2022-10-17,Bangalore,Robbery,8
2022-10-18,Bangalore,Vandalism,9
2022-10-19,Bangalore,Robbery,5
2022-10-20,Bangalore,Theft,3
2022-10-21,Bangalore,Theft,4
2022-10-22,Bangalore,Assault,5
2022-10-23,Bangalore,Robbery,6
2022-10-24,Bangalore,Vandalism,7
2022-10-25,Bangalore,Theft,4
2022-10-26,Bangalore,Vandalism,6
2022-10-27,Bangalore,Theft,13
2022-10-28,Bangalore,Theft,3
2022-10-29,Bangalore,Assault,7
2022-10-30,Bangalore,Robbery,7
2022-10-31,Bangalore,Assault,2
2022-11-01,Bangalore,Robbery,5
2022-11-02,Bangalore,Vandalism,2
2022-11-03,Bangalore,Robbery,4
2022-11-04,Bangalore,Vandalism,3
2022-11-05,Bangalore,Theft,3
2022-11-06,Bangalore,Vandalism,1
2022-11-07,Bangalore,Vandalism,7
2022-11-08,Bangalore,Theft,4
2022-11-09,Bangalore,Vandalism,9
2022-11-10,Bangalore,Vandalism,4
2022-11-11,Bangalore,Theft,6
2022-11-12,Bangalore,Theft,3
2022-11-13,Bangalore,Theft,8
2022-11-14,Bangalore,Robbery,6
2022-11-15,Bangalore,Theft,5
2022-11-16,Bangalore,Theft,3
2022-11-17,Bangalore,Vandalism,11
2022-11-18,Bangalore,Assault,7
2022-11-19,Bangalore,Assault,6
2022-11-20,Bangalore,Robbery,6
2022-11-21,Bangalore,Robbery,6
2022-11-22,Bangalore,Assault,6
2022-11-23,Bangalore,Assault,5
2022-11-24,Bangalore,Theft,8
2022-11-25,Bangalore,Vandalism,6
2022-11-26,Bangalore,Theft,8
2022-11-27,Bangalore,Robbery,13
2022-11-28,Bangalore,Assault,4
2022-11-29,Bangalore,Robbery,1
2022-11-30,Bangalore,Theft,4
2022-12-01,Bangalore,Robbery,2
2022-12-02,Bangalore,Robbery,7
2022-12-03,Bangalore,Vandalism,4
2022-12-04,Bangalore,Robbery,5
2022-12-05,Bangalore,Theft,8
2022-12-06,Bangalore,Vandalism,6
2022-12-07,Bangalore,Robbery,5
2022-12-08,Bangalore,Theft,2
2022-12-09,Bangalore,Assault,6
2022-12-10,Bangalore,Vandalism,5
2022-12-11,Bangalore,Robbery,6
2022-12-12,Bangalore,Robbery,3
2022-12-13,Bangalore,Vandalism,6
2022-12-14,Bangalore,Theft,6
2022-12-15,Bangalore,Robbery,4
2022-12-16,Bangalore,Theft,7
2022-12-17,Bangalore,Vandalism,4
2022-12-18,Bangalore,Robbery,0
2022-12-19,Bangalore,Assault,9
2022-12-20,Bangalore,Assault,1
2022-12-21,Bangalore,Assault,6
2022-12-22,Bangalore,Vandalism,4
2022-12-23,Bangalore,Robbery,5
2022-12-24,Bangalore,Vandalism,6
2022-12-25,Bangalore,Robbery,8
2022-12-26,Bangalore,Assault,4
2022-12-27,Bangalore,Assault,5
2022-12-28,Bangalore,Theft,10
2022-12-29,Bangalore,Vandalism,5
2022-12-30,Bangalore,Vandalism,7
2022-12-31,Bangalore,Theft,6
